"","cbind.V.simplifiedGraph..author."
"1","u/PrashanthDoshi"
"2","u/DotabLAH"
"3","[deleted]"
"4","u/NewArtificialHuman"
"5","u/NovaTornado"
"6","u/IHateMyselfButNotYou"
"7","u/Stiven_Crysis"
"8","u/Worldly_Pound_7625"
"9","u/red286"
"10","u/lurkerbyhq"
"11","u/ShadowRomeo"
"12","u/Kermez"
"13","u/wh33t"
"14","u/wizfactor"
"15","u/Faluzure"
"16","u/efadd"
"17","u/imaginary_num6er"
"18","u/DexRogue"
"19","u/Jacko10101010101"
"20","u/AncientRaven33"
"21","u/AggnogPOE"
"22","u/MobileLunch61"
"23","u/threeeddd"
"24","u/Iv7301"
"25","u/omgaporksword"
"26","u/VirtuaFighter6"
"27","u/VankenziiIV"
"28","u/bigblackandjucie"
"29","u/DYMAXIONman"
"30","u/Blackhawk-388"
"31","u/EdzyFPS"
"32","u/A2Aegis"
"33","u/MG5thAve"
"34","u/Jeep-Eep"
"35","u/Error8890"
"36","u/17311422237"
"37","u/NoddysShardblade"
"38","u/detectiveDollar"
"39","u/ea_man"
"40","u/Tuned_Out"
"41","u/arpaterson"
"42","[deleted]"
"43","u/raffo000"
"44","u/stupid_Fly_7641"
"45","u/detectiveDollar"
"46","u/Nointies"
"47","u/Dantai"
"48","u/Predalienator"
"49","u/Apd0x"
"50","u/The_Chronox"
"51","u/Stratty88"
"52","u/Vitosi4ek"
"53","u/detectiveDollar"
"54","u/jai_kasavin"
"55","u/zublits"
"56","u/cp5184"
"57","u/antiprogres_"
"58","u/Vushivushi"
"59","u/NoiseSolitaire"
"60","u/ea_man"
"61","u/capn_hector"
"62","u/detectiveDollar"
"63","u/stupid_Fly_7641"
"64","u/doneandtired2014"
"65","u/ListenBeforeSpeaking"
"66","u/obiwansotti"
"67","u/detectiveDollar"
"68","u/stupid_Fly_7641"
"69","u/StickiStickman"
"70","u/dhowl"
"71","[deleted]"
"72","u/obiwansotti"
"73","u/Idk324553"
"74","u/stupid_Fly_7641"
"75","u/May1stBurst"
"76","u/dhowl"
"77","u/CafeRaid"
"78","u/red286"
"79","u/benjiro3000"
"80","u/TheBirdOfFire"
"81","u/Master-Wish-2059"
"82","u/lurkerbyhq"
"83","u/VankenziiIV"
"84","u/sicklyslick"
"85","u/speedypotatoo"
"86","u/dhowl"
"87","u/0xd00d"
"88","u/stevez28"
"89","u/ea_man"
"90","u/calcium"
"91","u/Snerual22"
"92","u/WJMazepas"
"93","u/CodeMonkeyX"
"94","u/VenditatioDelendaEst"
"95","u/Beatus_Vir"
"96","u/daxter146"
"97","u/doneandtired2014"
"98","u/rbcornhole"
"99","u/NoddysShardblade"
"100","u/UGMadness"
"101","u/SOURICHILL"
"102","u/mstknb"
"103","u/detectiveDollar"
"104","u/Pitchuu64"
"105","u/YNWA_1213"
"106","u/EdzyFPS"
"107","u/Plebius-Maximus"
"108","u/threeeddd"
"109","u/omgaporksword"
"110","u/NoiseSolitaire"
"111","u/DYMAXIONman"
"112","u/DYMAXIONman"
"113","u/Blackhawk-388"
"114","u/EdzyFPS"
"115","u/Vuronov"
"116","u/Lost-Variation768"
"117","[deleted]"
"118","u/ea_man"
"119","u/69RobinHood69"
"120","u/Tman1677"
"121","u/Flowerstar1"
"122","u/Nointies"
"123","u/Dantai"
"124","u/Apd0x"
"125","u/0xd00d"
"126","u/Lost-Variation768"
"127","u/Butzwack"
"128","u/Vitosi4ek"
"129","u/ResponsibleJudge3172"
"130","u/Flowerstar1"
"131","u/Jeep-Eep"
"132","u/GrammarNaziii"
"133","u/winkapp"
"134","u/antiprogres_"
"135","u/Caspid"
"136","u/drhappycat"
"137","u/zublits"
"138","u/Lost-Variation768"
"139","u/zublits"
"140","u/capn_hector"
"141","u/StickiStickman"
"142","u/stupid_Fly_7641"
"143","u/obiwansotti"
"144","u/benjiro3000"
"145","u/Lost-Variation768"
"146","u/cp5184"
"147","u/WJMazepas"
"148","u/ea_man"
"149","u/perfectdreaming"
"150","u/calcium"
"151","u/VenditatioDelendaEst"
"152","u/robodestructor444"
"153","u/dhowl"
"154","u/ea_man"
"155","u/Snerual22"
"156","u/WJMazepas"
"157","u/WJMazepas"
"158","u/detectiveDollar"
"159","u/freeone3000"
"160","u/rbcornhole"
"161","u/Pitchuu64"
"162","u/Pitchuu64"
"163","u/stupid_Fly_7641"
"164","u/LowProofWhiskey"
"165","u/SmokingPuffin"
"166","u/Plebius-Maximus"
"167","u/wizfactor"
"168","u/Greenevers"
"169","u/NoiseSolitaire"
"170","u/Vuronov"
"171","[deleted]"
"172","u/throwaway15454152415"
"173","u/ea_man"
"174","u/mulletarian"
"175","u/poopyheadthrowaway"
"176","u/Nointies"
"177","u/Flowerstar1"
"178","u/saruin"
"179","u/VenditatioDelendaEst"
"180","u/0xd00d"
"181","u/Mastercry"
"182","[deleted]"
"183","u/Flowerstar1"
"184","u/jai_kasavin"
"185","u/WheresWalldough"
"186","u/hydrogen-optima"
"187","u/krakatoa619"
"188","u/Plebius-Maximus"
"189","u/RedIndianRobin"
"190","u/Equivalent_Bee_8223"
"191","u/capn_hector"
"192","u/MrCleanRed"
"193","u/StickiStickman"
"194","u/obiwansotti"
"195","u/WJMazepas"
"196","u/100GbE"
"197","u/robodestructor444"
"198","u/TSP-FriendlyFire"
"199","u/calcium"
"200","u/MarabouStalk"
"201","u/NoddysShardblade"
"202","u/detectiveDollar"
"203","u/Pitchuu64"
"204","u/EdzyFPS"
"205","u/SmokingPuffin"
"206","u/SmokingPuffin"
"207","u/stupid_Fly_7641"
"208","u/Merdiso"
"209","u/NoiseSolitaire"
"210","u/Mastercry"
"211","u/Mastercry"
"212","u/birdsandberyllium"
"213","u/jai_kasavin"
"214","u/stupid_Fly_7641"
"215","u/jai_kasavin"
"216","u/jai_kasavin"
"217","u/Plebius-Maximus"
"218","u/capn_hector"
"219","u/SmokingPuffin"
"220","u/MrCleanRed"
"221","u/StickiStickman"
"222","u/WJMazepas"
"223","u/Merdiso"
"224","u/Merdiso"
"225","u/Mastercry"
"226","u/MrCleanRed"
"227","[deleted]"
"228","u/b_86"
"229","u/693275001"
"230","u/kensaundm31"
"231","u/Meekois"
"232","u/FalseAgent"
"233","u/Dunk305"
"234","u/folstar"
"235","u/Lub_Dub"
"236","u/kuddlesworth9419"
"237","u/-HalfgodGuy-"
"238","u/tmp04567"
"239","u/OP1KenOP"
"240","u/Pitaqueiro"
"241","u/ps3o-k"
"242","u/EastvsWest"
"243","u/JonWood007"
"244","u/Mysterious-Tough-964"
"245","u/knowoneknows"
"246","u/alfredovich"
"247","u/NKG_and_Sons"
"248","u/geos1234"
"249","u/theAndrewWiggins"
"250","u/Sofaboy90"
"251","u/L3tum"
"252","u/dexvision"
"253","u/Swizzy88"
"254","u/metakepone"
"255","u/carpcrucible"
"256","u/zippopwnage"
"257","[deleted]"
"258","u/botohowotoh"
"259","u/Raikaru"
"260","u/Saint_The_Stig"
"261","u/Bipower"
"262","u/frumply"
"263","u/ChartaBona"
"264","u/RougeKatana"
"265","u/Mongocom"
"266","u/Hungry-Plankton-5371"
"267","u/laxounet"
"268","u/ShadowBannedXexy"
"269","u/gustavsson"
"270","u/dylan522p"
"271","u/capn_hector"
"272","u/triculious"
"273","u/SuperSimpleSam"
"274","u/FalseAgent"
"275","u/Gwennifer"
"276","u/suparnemo"
"277","u/wpm"
"278","u/StickiStickman"
"279","u/carpcrucible"
"280","u/JonWood007"
"281","u/HolyAndOblivious"
"282","u/Redditenmo"
"283","u/Al-Azraq"
"284","[deleted]"
"285","[deleted]"
"286","u/-Y0-"
"287","u/Sherft"
"288","u/kariam_24"
"289","u/detectiveDollar"
"290","u/Eclipsetube"
"291","u/Brickman759"
"292","u/gravityo"
"293","u/bexamous"
"294","u/kensaundm31"
"295","u/MrHoboSquadron"
"296","u/greggm2000"
"297","u/No_Forever5171"
"298","u/COMPUTER1313"
"299","u/fuckwit-mcbumcrumble"
"300","u/JonWood007"
"301","u/Darkknight1939"
"302","u/kuddlesworth9419"
"303","u/ShareACokeWithBoonen"
"304","u/SuperNanoCat"
"305","u/WayneJetSkii"
"306","u/EastvsWest"
"307","u/Raikaru"
"308","u/Mysterious-Tough-964"
"309","u/Mysterious-Tough-964"
"310","u/BadMofoWallet"
"311","u/KeinNiemand"
"312","u/Broder7937"
"313","u/Saint_The_Stig"
"314","u/Unique_username1"
"315","u/conquer69"
"316","u/Pamani_"
"317","u/Verite_Rendition"
"318","u/KevinKingsb"
"319","[deleted]"
"320","u/theAndrewWiggins"
"321","u/Aggrokid"
"322","u/conquer69"
"323","u/Sofaboy90"
"324","u/L3tum"
"325","u/TheOkComputerGuy"
"326","u/L3tum"
"327","u/dexvision"
"328","u/Esternocleido"
"329","[deleted]"
"330","u/JustLixian"
"331","u/HolyAndOblivious"
"332","u/MegaPinkSocks"
"333","u/lEatSand"
"334","[deleted]"
"335","u/Sexyvette07"
"336","[deleted]"
"337","u/conquer69"
"338","u/BigAwkwardGuy"
"339","u/laxounet"
"340","u/dylan522p"
"341","u/TopdeckIsSkill"
"342","u/cycle_you_lazy_shit"
"343","u/carpcrucible"
"344","u/deadheadkid92"
"345","u/Gwennifer"
"346","u/conquer69"
"347","u/Gwennifer"
"348","u/wpm"
"349","u/Tar-Vanimelde"
"350","u/TheBCWonder"
"351","u/JonWood007"
"352","u/JonWood007"
"353","u/Redditenmo"
"354","u/braiam"
"355","u/Dey_EatDaPooPoo"
"356","u/detectiveDollar"
"357","u/InconspicuousRadish"
"358","u/L3tum"
"359","u/Omniwar"
"360","u/JapariParkRanger"
"361","u/Dey_EatDaPooPoo"
"362","u/gravityo"
"363","u/Brickman759"
"364","u/Brickman759"
"365","u/ConfusionElemental"
"366","u/dantemp"
"367","u/greggm2000"
"368","u/No_Forever5171"
"369","u/COMPUTER1313"
"370","u/JonWood007"
"371","u/JonWood007"
"372","u/Hungry-Plankton-5371"
"373","u/ChartaBona"
"374","u/SuperSimpleSam"
"375","u/spotplay"
"376","u/FalseAgent"
"377","u/kuddlesworth9419"
"378","u/firedrakes"
"379","u/Dey_EatDaPooPoo"
"380","u/Raikaru"
"381","u/Mysterious-Tough-964"
"382","u/Al-Azraq"
"383","u/Broder7937"
"384","u/mandelmanden"
"385","u/conquer69"
"386","u/nicklor"
"387","u/L3tum"
"388","u/dern_the_hermit"
"389","u/dexvision"
"390","u/Gwennifer"
"391","u/Sexyvette07"
"392","u/dylan522p"
"393","u/TopdeckIsSkill"
"394","u/deadheadkid92"
"395","u/osmarks"
"396","u/Gwennifer"
"397","u/wpm"
"398","u/JonWood007"
"399","u/mattbag1"
"400","[deleted]"
"401","u/InconspicuousRadish"
"402","u/kylezz"
"403","u/L3tum"
"404","u/Esternocleido"
"405","u/greggm2000"
"406","u/greggm2000"
"407","u/TheBCWonder"
"408","u/JonWood007"
"409","u/ChartaBona"
"410","u/osmarks"
"411","u/FalseAgent"
"412","u/firedrakes"
"413","u/Raikaru"
"414","u/yellowpotatobus"
"415","u/hardolaf"
"416","u/Broder7937"
"417","u/Specific_Event5325"
"418","u/Al-Azraq"
"419","u/Sexyvette07"
"420","u/SnooGadgets8390"
"421","u/Broder7937"
"422","[deleted]"
"423","u/mandelmanden"
"424","u/Broder7937"
"425","u/GruntChomper"
"426","u/Sexyvette07"
"427","u/Sexyvette07"
"428","u/Sexyvette07"
"429","u/dylan522p"
"430","u/deadheadkid92"
"431","u/wpm"
"432","u/JonWood007"
"433","u/JonWood007"
"434","u/JonWood007"
"435","u/mattbag1"
"436","u/420BONGZ4LIFE"
"437","u/mattbag1"
"438","u/mandelmanden"
"439","u/mandelmanden"
"440","u/mattbag1"
"441","u/Broder7937"
"442","u/mattbag1"
"443","u/greggm2000"
"444","u/TheBCWonder"
"445","u/JonWood007"
"446","u/Raikaru"
"447","u/Al-Azraq"
"448","u/Al-Azraq"
"449","u/Sexyvette07"
"450","u/mattbag1"
"451","u/mandelmanden"
"452","u/Sexyvette07"
"453","u/dylan522p"
"454","u/mattbag1"
"455","u/mattbag1"
"456","u/mandelmanden"
"457","u/mattbag1"
"458","u/TheBCWonder"
"459","u/JonWood007"
"460","u/Al-Azraq"
"461","u/Sexyvette07"
"462","u/mandelmanden"
"463","u/Sexyvette07"
"464","u/dylan522p"
"465","u/mattbag1"
"466","u/mattbag1"
"467","u/mattbag1"
"468","u/TheBCWonder"
"469","u/mandelmanden"
"470","u/Sexyvette07"
"471","u/mattbag1"
"472","u/TheBCWonder"
"473","u/Sexyvette07"
"474","u/TheBCWonder"
"475","u/80000000000000000855"
"476","u/Sleepykitti"
"477","u/IgotUBro"
"478","[deleted]"
"479","u/QuinSanguine"
"480","u/cowvin"
"481","u/MooingWaza"
"482","u/sulanspiken"
"483","u/twonha"
"484","u/LifeOnMarsden"
"485","u/Aleashed"
"486","u/Exoskeleton78"
"487","u/DuskDudeMan"
"488","u/NewArtificialHuman"
"489","u/Archbound"
"490","u/PVDamme"
"491","u/NewArtificialHuman"
"492","u/Edgaras1103"
"493","u/NewArtificialHuman"
"494","u/twonha"
"495","u/SnowyGyro"
"496","u/StunPumpkin"
"497","u/Slyons89"
"498","u/RayderEvolved"
"499","u/DioInBicicletta"
"500","u/Infidel_sg"
"501","u/jasonwc"
"502","u/mbulsht"
"503","u/WaifuPillow"
"504","u/AgrivarESO"
"505","u/ww_crimson"
"506","u/Lyadhlord_1426"
"507","u/lfreddit23"
"508","u/ibobnotnot"
"509","u/IamXale"
"510","u/cheatinchad"
"511","u/SideWilling"
"512","u/Last_Jedi"
"513","u/Moquai82"
"514","u/zippopwnage"
"515","u/TacticalBeerCozy"
"516","u/NetflixSux247"
"517","u/Johnnius_Maximus"
"518","u/ZeroBANG"
"519","u/Nessundorma13"
"520","u/Techboah"
"521","[deleted]"
"522","u/poopfilledhumansuit"
"523","u/THE_HERO_777"
"524","u/jjyiss"
"525","u/LevelWriting"
"526","u/origional_esseven"
"527","u/wolfannoy"
"528","u/rickmetroid"
"529","u/Same-Drink2905"
"530","u/madamphattits"
"531","u/aimlessdrivel"
"532","u/pumpkinsdav1d"
"533","u/Elocai"
"534","u/green9206"
"535","u/GeriatricTech"
"536","u/Gohardgrandpa"
"537","u/PotCounts"
"538","u/EntertainmentNo2044"
"539","u/OneArmedZen"
"540","u/Inevitable-Dream-272"
"541","u/aintgotnoclue117"
"542","u/HellStorm40k"
"543","u/Ossius"
"544","u/TheNevers"
"545","u/KidneyLand"
"546","u/nerf-IS6"
"547","u/platinums99"
"548","u/csantiago1986"
"549","u/kaggs"
"550","u/trinomial888888"
"551","u/Sobeman"
"552","u/Plus_Flow4934"
"553","u/r4in"
"554","u/TotalCompensationFan"
"555","u/EiffelPower76"
"556","u/Noire97z"
"557","u/tickleMyBigPoop"
"558","[deleted]"
"559","u/heatlesssun"
"560","u/EnolaGayFallout"
"561","u/TehJohnny"
"562","u/gaoxin"
"563","u/Libir-Akha"
"564","u/ZeroBANG"
"565","u/Digital_Dinosaurio"
"566","u/whyreadthis2035"
"567","u/aForgedPiston"
"568","u/Chillionaire-NW"
"569","u/Thorusss"
"570","u/Fresh_chickented"
"571","u/HatBuster"
"572","u/McHox"
"573","u/dvggxl"
"574","u/ApplicationCalm649"
"575","u/mckirkus"
"576","u/Poococktail"
"577","u/AdTotal4035"
"578","u/nanogenesis"
"579","u/Raikoh-Minamoto"
"580","u/penguished"
"581","u/DreadSeverin"
"582","u/kronosdev"
"583","u/DependentAd235"
"584","u/Soggy_Association491"
"585","u/NewRedditIsVeryUgly"
"586","u/rodryguezzz"
"587","u/Nonstampcollector777"
"588","u/Bismar7"
"589","[deleted]"
"590","u/WildChild007"
"591","u/EiffelPower76"
"592","u/merigouldi"
"593","u/knowitallz"
"594","u/rawbleedingbait"
"595","u/Delicious-Tachyons"
"596","u/literally1984___"
"597","u/GLGarou"
"598","u/Satchelchannel"
"599","u/Equivalent_Bee_8223"
"600","[deleted]"
"601","u/Libir-Akha"
"602","u/bobnine"
"603","u/cadaada"
"604","u/MonoShadow"
"605","u/mad-tech"
"606","u/Substance___P"
"607","u/TacticalBeerCozy"
"608","u/skylinestar1986"
"609","u/born-out-of-a-ball"
"610","u/ShuKazun"
"611","u/veltcardio2"
"612","u/Astrophan"
"613","u/HorrorScopeZ"
"614","u/BavarianBarbarian_"
"615","u/__BIOHAZARD___"
"616","u/ZeroBANG"
"617","u/JORGETECH_SpaceBiker"
"618","u/TacticalBeerCozy"
"619","u/Captobvious75"
"620","u/wolfannoy"
"621","u/AwakenGreywolf"
"622","u/DerivIT"
"623","u/EiffelPower76"
"624","[deleted]"
"625","u/platinums99"
"626","u/CaptainDouchington"
"627","u/-sYmbiont-"
"628","u/Elon_Kums"
"629","u/Canadiancookie"
"630","u/TacticalBeerCozy"
"631","u/pulley999"
"632","[deleted]"
"633","u/CurseOfBobbyLayne"
"634","u/Canadiancookie"
"635","u/TacticalBeerCozy"
"636","u/Tanel88"
"637","u/Firefox72"
"638","u/bazooka_penguin"
"639","u/LordxMugen"
"640","u/Noire97z"
"641","u/DemonsRage83"
"642","u/OldBoyZee"
"643","u/Slight-Improvement84"
"644","u/TacticalBeerCozy"
"645","u/EiffelPower76"
"646","u/Delicious-Tachyons"
"647","u/Slyons89"
"648","u/Several-Elevator"
"649","u/Edgaras1103"
"650","u/Confuciusz"
"651","u/HalflingElf"
"652","[deleted]"
"653","u/Amphax"
"654","u/AgnFr"
"655","u/Nnnnnnnadie"
"656","u/BuzzBadpants"
"657","u/TheDrBrian"
"658","[deleted]"
"659","u/mpga479m"
"660","u/EvilSpirit666"
"661","u/bassbeater"
"662","u/bubblesort33"
"663","u/trizcon97"
"664","u/Corax7"
"665","u/AffectionateAd6009"
"666","u/ErnestoFazueli"
"667","u/tickleMyBigPoop"
"668","u/Al-Azraq"
"669","u/Slyons89"
"670","u/jekpopulous2"
"671","u/Mates1500"
"672","u/Lawgamer411"
"673","u/Infidel_sg"
"674","u/gothpunkboy89"
"675","[deleted]"
"676","u/VeganPizzaPie"
"677","u/ZeroBANG"
"678","u/dvggxl"
"679","u/jasonwc"
"680","u/KvotheOfCali"
"681","u/LordxMugen"
"682","u/Tsunami_54"
"683","u/Yurilica"
"684","u/garlicroastedpotato"
"685","u/Salavtore"
"686","[deleted]"
"687","u/endlessupending"
"688","u/BzlOM"
"689","u/dan10016"
"690","[deleted]"
"691","u/Lyadhlord_1426"
"692","u/Lyadhlord_1426"
"693","u/OneStrangeBreed"
"694","u/Fiddlestax"
"695","u/lfreddit23"
"696","u/doneandtired2014"
"697","u/lfreddit23"
"698","u/A_Random_Username_0"
"699","u/doneandtired2014"
"700","u/dvggxl"
"701","u/OldBoyZee"
"702","[deleted]"
"703","u/NetflixSux247"
"704","u/imaginary_num6er"
"705","[deleted]"
"706","u/doneandtired2014"
"707","[deleted]"
"708","u/TheSilentSeeker"
"709","u/Slight-Improvement84"
"710","u/THE_HERO_777"
"711","u/origional_esseven"
"712","u/Gohardgrandpa"
"713","u/TotalCompensationFan"
"714","u/TotalCompensationFan"
"715","u/Noire97z"
"716","u/heatlesssun"
"717","u/ErnestoFazueli"
"718","u/ASc0rpii"
"719","u/Oooch"
"720","u/dookarion"
"721","u/Obiuon"
"722","u/CornQoQo"
"723","u/skoomaki"
"724","u/motoxim"
"725","u/chasmma"
"726","u/Nobiting"
"727","u/ShutUpRedditPedant"
"728","u/giddycocks"
"729","u/dookarion"
"730","u/empowereddave"
"731","u/BDNeon"
"732","u/Zhurg"
"733","u/imaginary_num6er"
"734","u/Katana314"
"735","u/xseodz"
"736","u/kronosdev"
"737","u/kronosdev"
"738","u/Amphax"
"739","u/pm_me_some_kitties2"
"740","[deleted]"
"741","u/literally1984___"
"742","u/NewRedditIsVeryUgly"
"743","u/Lost-Variation768"
"744","u/EiffelPower76"
"745","u/Howdareme9"
"746","u/AlbionEnthusiast"
"747","u/Suitable-Unit"
"748","u/Canadiancookie"
"749","u/the_pepper"
"750","u/Cytori"
"751","u/BDNeon"
"752","u/dvggxl"
"753","u/eman_sdrawkcab"
"754","u/i1u5"
"755","u/Canadiancookie"
"756","u/Infidel_sg"
"757","u/Pyroven"
"758","u/AlbionEnthusiast"
"759","u/Delicious-Tachyons"
"760","u/chowder-san"
"761","u/ZeroBANG"
"762","u/frzned"
"763","u/MrTastix"
"764","u/kayyo2"
"765","u/TacticalBeerCozy"
"766","u/sts816"
"767","u/skylinestar1986"
"768","u/zippopwnage"
"769","u/MrTastix"
"770","u/wrath_of_grunge"
"771","u/TheSilentSeeker"
"772","u/irekturmum69"
"773","u/ArmsForPeace84"
"774","u/Adonwen"
"775","u/HorrorScopeZ"
"776","u/imaginary_num6er"
"777","u/TacticalBeerCozy"
"778","u/HorrorScopeZ"
"779","u/TriXandApple"
"780","u/BDNeon"
"781","u/ItsIcy07"
"782","u/A42MphTortoise"
"783","u/LordxMugen"
"784","u/progres_asquerosos"
"785","u/Elon_Kums"
"786","[deleted]"
"787","u/roiki11"
"788","u/kasrkinsquad"
"789","u/TacticalBeerCozy"
"790","u/TacticalBeerCozy"
"791","u/Firefox72"
"792","u/skinlo"
"793","u/DemonsRage83"
"794","u/OldBoyZee"
"795","u/randomusername_815"
"796","u/Cordial_Wombat"
"797","u/wgolding"
"798","u/CitizenShark"
"799","u/dolleauty"
"800","u/TacticalBeerCozy"
"801","u/grrbrr"
"802","u/Corax7"
"803","u/MentalityOfRiskarus"
"804","u/dookarion"
"805","u/thespiffyitalian"
"806","[deleted]"
"807","u/ErnestoFazueli"
"808","[deleted]"
"809","u/AnotherScoutTrooper"
"810","u/Slyons89"
"811","u/Slyons89"
"812","u/SmoothBrews"
"813","u/Lawgamer411"
"814","u/gothpunkboy89"
"815","u/eman_sdrawkcab"
"816","u/gothpunkboy89"
"817","u/gothpunkboy89"
"818","u/gothpunkboy89"
"819","u/gothpunkboy89"
"820","u/gothpunkboy89"
"821","u/onetwoseven94"
"822","u/gothpunkboy89"
"823","u/gothpunkboy89"
"824","u/gothpunkboy89"
"825","[deleted]"
"826","u/ZeroBANG"
"827","u/zerogee616"
"828","u/SireEvalish"
"829","u/Al-Azraq"
"830","u/Al-Azraq"
"831","u/KvotheOfCali"
"832","u/KvotheOfCali"
"833","u/TypicalFsckt4rd"
"834","u/BlackKnight2000"
"835","u/Ruffler125"
"836","[deleted]"
"837","u/Adonwen"
"838","u/Suitable-Unit"
"839","u/GameStunts"
"840","u/Lost-Variation768"
"841","u/Al-Azraq"
"842","[deleted]"
"843","u/lfreddit23"
"844","[deleted]"
"845","u/lfreddit23"
"846","u/Hybrid-Black"
"847","u/platinums99"
"848","u/lfreddit23"
"849","u/frzned"
"850","u/OldBoyZee"
"851","u/Edgaras1103"
"852","u/MonoShadow"
"853","u/mcflash1294"
"854","[deleted]"
"855","u/NetflixSux247"
"856","u/MonoShadow"
"857","u/GreatJobMike"
"858","u/Monday_Morning_QB"
"859","u/doublah"
"860","u/MrTastix"
"861","u/Lost-Variation768"
"862","u/ErnestoFazueli"
"863","[deleted]"
"864","u/ErnestoFazueli"
"865","u/kronosdev"
"866","u/Scoobygroovy"
"867","u/thespiffyitalian"
"868","u/thecaveman96"
"869","u/Hopperbus"
"870","u/BDNeon"
"871","u/dvggxl"
"872","u/eman_sdrawkcab"
"873","u/i1u5"
"874","u/Canadiancookie"
"875","u/Canadiancookie"
"876","u/frzned"
"877","u/dvggxl"
"878","u/wrath_of_grunge"
"879","u/doneandtired2014"
"880","u/wrath_of_grunge"
"881","u/wrath_of_grunge"
"882","u/psionoblast"
"883","u/irekturmum69"
"884","u/Brisslayer333"
"885","u/wolfannoy"
"886","u/TriXandApple"
"887","u/Gaming-Account"
"888","u/dvggxl"
"889","u/Elon_Kums"
"890","[deleted]"
"891","u/Ice-Cream-Waffle"
"892","u/roiki11"
"893","u/kasrkinsquad"
"894","u/OldBoyZee"
"895","u/Krakenader"
"896","u/empowereddave"
"897","u/Carighan"
"898","u/ErnestoFazueli"
"899","u/SmoothBrews"
"900","u/gothpunkboy89"
"901","u/onetwoseven94"
"902","u/gothpunkboy89"
"903","u/gothpunkboy89"
"904","u/gothpunkboy89"
"905","u/gothpunkboy89"
"906","u/zerogee616"
"907","u/Ruffler125"
"908","u/Adonwen"
"909","u/Lost-Variation768"
"910","[deleted]"
"911","u/Blehgopie"
"912","u/lfreddit23"
"913","u/ChartaBona"
"914","u/mcflash1294"
"915","u/NetflixSux247"
"916","u/killertofu41"
"917","u/SiegwardZwiebelbrudi"
"918","u/Scoobygroovy"
"919","u/rarelyreadsreddit"
"920","u/Hopperbus"
"921","u/dvggxl"
"922","u/eman_sdrawkcab"
"923","u/i1u5"
"924","u/Canadiancookie"
"925","u/wrath_of_grunge"
"926","u/wrath_of_grunge"
"927","u/TriXandApple"
"928","u/MonoShadow"
"929","u/MonoShadow"
"930","u/nuclearwinterxxx"
"931","u/SmoothBrews"
"932","u/gothpunkboy89"
"933","u/gothpunkboy89"
"934","u/Ruffler125"
"935","[deleted]"
"936","u/doneandtired2014"
"937","u/rarelyreadsreddit"
"938","u/TriXandApple"
"939","u/SmoothBrews"
"940","u/thecaveman96"
"941","u/rarelyreadsreddit"
"942","u/SmoothBrews"
"943","u/H0vis"
"944","u/GameStunts"
"945","u/pufanu101"
"946","u/Avenger1324"
"947","u/Donut_Klutzy"
"948","u/Kevydee"
"949","u/JustVGames"
"950","u/thodgson"
"951","u/VoihanVieteri"
"952","u/Ro3oster"
"953","u/Chopstick84"
"954","u/JonWood007"
"955","u/The_Only_AL"
"956","u/SweRakii"
"957","u/Sky_HUN"
"958","u/A_FitGeek"
"959","u/spitouthebone"
"960","u/ASc0rpii"
"961","u/TeflonDes"
"962","u/HavelTheGreat"
"963","u/The_Radian"
"964","u/ArtakhaPrime"
"965","u/rioed"
"966","u/r4in"
"967","u/Cheesesh"
"968","u/SocialJusticeAndroid"
"969","u/AnthonyGuns"
"970","u/sequence_9"
"971","u/McWormy"
"972","u/rm_-r_star"
"973","u/Alpha_pro2019"
"974","u/Sager2th"
"975","u/mechnanc"
"976","u/AnimZero"
"977","u/cynicown101"
"978","u/NightButcher"
"979","u/plastic17"
"980","u/moeburn"
"981","u/Username928351"
"982","u/BangEnergyFTW"
"983","u/literally1984___"
"984","u/Johnysh"
"985","u/Schwinn_Shavecrotch"
"986","u/trollsmurf"
"987","u/nanogenesis"
"988","u/consural"
"989","u/Boge42"
"990","u/Crazy_Beat_36"
"991","u/knukeh"
"992","u/DIABOLUS777"
"993","u/Grgamel"
"994","u/ArmsForPeace84"
"995","u/Rich_Eater"
"996","u/tactican"
"997","u/Dikkolo"
"998","u/mcflash1294"
"999","u/Money-Cat-6367"
"1000","u/Egbeem"
"1001","u/penguished"
"1002","u/xtoxicwizzy"
"1003","u/nuclearhotsauce"
"1004","u/Nor-Cal-Son"
"1005","u/AwakenGreywolf"
"1006","u/ZoixDark"
"1007","u/Commiesstoner"
"1008","u/WillingLearner1"
"1009","u/ExTrafficGuy"
"1010","u/dwilljones"
"1011","u/AFaultyUnit"
"1012","u/Tallon_raider"
"1013","u/Shawn_NYC"
"1014","u/dbgt_87"
"1015","u/Autotomatomato"
"1016","u/Fyreffect"
"1017","u/NotagoK"
"1018","u/green9206"
"1019","u/TeekoZeroh"
"1020","u/Bald-Eagle-Freedom"
"1021","[deleted]"
"1022","u/Darkone539"
"1023","u/maximusdm77"
"1024","u/divertiti"
"1025","[deleted]"
"1026","u/SaxoGrammaticus1970"
"1027","u/Izame"
"1028","u/NVD6432"
"1029","u/RedKomrad"
"1030","u/fish998"
"1031","u/Siltyn"
"1032","[deleted]"
"1033","u/RSlashBroughtMeHere"
"1034","u/Darknast"
"1035","u/Umbramors"
"1036","u/jrcbandit"
"1037","u/bak2skewl"
"1038","u/TheHodgePodge"
"1039","u/marcocom"
"1040","u/mistersprinkles1983"
"1041","u/Xaxxon"
"1042","u/Rivale"
"1043","u/Torkl7"
"1044","u/Luecho"
"1045","[deleted]"
"1046","[deleted]"
"1047","u/Davan195"
"1048","u/SD-777"
"1049","u/Who_DaFuc_Asked"
"1050","u/QuinSanguine"
"1051","u/Jeffy29"
"1052","u/SadistPaddington"
"1053","u/synbios128"
"1054","u/phoenixthekat"
"1055","u/CataclysmDM"
"1056","u/RobKhonsu"
"1057","u/noncebasher_"
"1058","u/ZeroBANG"
"1059","u/alluballu"
"1060","u/NewRedditIsVeryUgly"
"1061","u/soccerguys14"
"1062","u/Timu321"
"1063","u/skilliard7"
"1064","u/Strider2126"
"1065","u/RAMAR713"
"1066","u/cuntfucker500"
"1067","u/CorinWest"
"1068","u/Low-Iron-6376"
"1069","u/bassbeater"
"1070","u/ZiggyZobby"
"1071","u/CyberbrainGaming"
"1072","u/3lfk1ng"
"1073","u/pelle_hermanni"
"1074","u/BarnabyColeman"
"1075","u/KingStannisForever"
"1076","u/cyanideicecream"
"1077","u/Groundbreaking_Ship3"
"1078","u/dimuscul"
"1079","u/Jawaka99"
"1080","u/jimmy785"
"1081","u/Leckmee"
"1082","u/kryndon"
"1083","u/mixedd"
"1084","u/xxTheGoDxx"
"1085","u/rayquan36"
"1086","u/minizanz"
"1087","u/skylinestar1986"
"1088","u/turkeysandwich4321"
"1089","u/SnooPets20"
"1090","u/PlanetX369"
"1091","u/KeinNiemand"
"1092","u/Charming-Land-6705"
"1093","u/pingal1ty"
"1094","u/MAQS357"
"1095","[deleted]"
"1096","[deleted]"
"1097","u/zootofni"
"1098","u/likalaruku"
"1099","u/cutterjohn42"
"1100","[deleted]"
"1101","u/BERLAUR"
"1102","u/neok182"
"1103","u/SocialJusticeAndroid"
"1104","u/Morrorbrr"
"1105","u/yashspartan"
"1106","u/ElmoRidesMetra"
"1107","u/zootofni"
"1108","u/ArmsForPeace84"
"1109","u/asyrin25"
"1110","u/mexicansuicideandy"
"1111","u/jonydevidson"
"1112","u/Nuber13"
"1113","u/KickBassColonyDrop"
"1114","u/Mamba_Ral_0075"
"1115","u/Burninate09"
"1116","u/SquisherX"
"1117","u/ApprehensiveTear373"
"1118","u/Dante2005"
"1119","u/EvilAdolf"
"1120","u/arkebuse"
"1121","u/Darknast"
"1122","u/Leeps"
"1123","u/Fuddle"
"1124","u/Arthur_Morgan44469"
"1125","u/Zankman"
"1126","u/psykikk_streams"
"1127","u/Mm11vV"
"1128","u/egyptianskincat"
"1129","u/dookarion"
"1130","u/PotentPortable"
"1131","u/UnluckyWizard"
"1132","u/Volmie_"
"1133","[deleted]"
"1134","u/folgojockler"
"1135","u/kikimaru024"
"1136","u/j0_ow_bo"
"1137","u/RplusW"
"1138","u/Bamith20"
"1139","u/oldschoolthemer"
"1140","u/SuperSprocket"
"1141","u/Bad_Doto_Playa"
"1142","u/Chaos_Machine"
"1143","u/Specific_Event5325"
"1144","u/MAQS357"
"1145","u/Ct63084"
"1146","u/xZethx"
"1147","[deleted]"
"1148","u/derkrieger"
"1149","u/acer34p3r"
"1150","u/Laserica"
"1151","u/Bald-Eagle-Freedom"
"1152","u/GreenDifference"
"1153","u/pr0ghead"
"1154","u/MonoShadow"
"1155","u/skylinestar1986"
"1156","u/Sync_R"
"1157","u/RAMAR713"
"1158","u/ArmsForPeace84"
"1159","u/halozy_"
"1160","u/Fflewddur_Fflam_"
"1161","u/MistakenWit"
"1162","u/Robeleader"
"1163","u/theBlackDragon"
"1164","u/dookarion"
"1165","u/TheNevers"
"1166","u/Fun-Strawberry4257"
"1167","u/Charuru"
"1168","u/theBlackDragon"
"1169","u/Leckmee"
"1170","u/BluePear0"
"1171","u/kekwee"
"1172","u/Dakeyras83"
"1173","u/MegaPinkSocks"
"1174","u/anonymasss"
"1175","u/truupR"
"1176","u/fashric"
"1177","u/Nesqu"
"1178","u/RedKomrad"
"1179","u/SpecificAstronaut69"
"1180","u/Anoscetia"
"1181","u/knukeh"
"1182","u/JonWood007"
"1183","u/knukeh"
"1184","u/TenshiBR"
"1185","u/Rankerhowl99"
"1186","u/TheNevers"
"1187","u/RedKomrad"
"1188","u/RanaI_Ape"
"1189","[deleted]"
"1190","u/DoubleWolf"
"1191","u/Specific_Event5325"
"1192","u/derkrieger"
"1193","u/RedKomrad"
"1194","[deleted]"
"1195","u/derkrieger"
"1196","u/dudebirdyy"
"1197","u/BayesBestFriend"
"1198","u/knukeh"
"1199","u/Odyssey1337"
"1200","u/halcyoncinders"
"1201","u/JonWood007"
"1202","u/yttanx"
"1203","u/JonWood007"
"1204","u/colts1878"
"1205","u/flatlandskid94"
"1206","u/bahumat42"
"1207","u/green9206"
"1208","u/FallenAdvocate"
"1209","u/Stickic"
"1210","u/H0vis"
"1211","u/Arthur_Morgan44469"
"1212","u/Mm11vV"
"1213","u/Baraka1987"
"1214","u/GameStunts"
"1215","u/nekromantique"
"1216","u/Rankerhowl99"
"1217","u/Rivale"
"1218","u/likalaruku"
"1219","[deleted]"
"1220","u/H0vis"
"1221","u/high1186"
"1222","u/bassbeater"
"1223","u/GoalAccomplished8955"
"1224","u/fatamSC2"
"1225","u/AmeliaBuns"
"1226","u/VagrantShadow"
"1227","u/GoalAccomplished8955"
"1228","u/zootofni"
"1229","u/ClinicalAttack"
"1230","u/GoalAccomplished8955"
"1231","u/zootofni"
"1232","u/DistractedSeriv"
"1233","u/tukatu0"
"1234","u/zootofni"
"1235","u/H0vis"
"1236","u/tarheels101"
"1237","u/H0vis"
"1238","u/H0vis"
"1239","u/H0vis"
"1240","u/H0vis"
"1241","u/Mission-Property-498"
"1242","u/Mission-Property-498"
"1243","u/Mission-Property-498"
"1244","u/GameStunts"
"1245","u/Endemoniada"
"1246","u/SvijetOkoNas"
"1247","[deleted]"
"1248","u/benjustforyou"
"1249","u/unfeelka"
"1250","u/Placenta_Cake"
"1251","u/KeinNiemand"
"1252","u/heilige19"
"1253","u/Anoscetia"
"1254","u/VotesDontPayMyBills"
"1255","[deleted]"
"1256","u/GameStunts"
"1257","u/GameStunts"
"1258","u/GameStunts"
"1259","u/murica_dream"
"1260","u/GoalAccomplished8955"
"1261","u/GameStunts"
"1262","u/Azuregore"
"1263","u/Specific_Event5325"
"1264","u/ubiquitous_apathy"
"1265","u/DazzlingRutabega"
"1266","[deleted]"
"1267","u/RepresentativeCry695"
"1268","u/GameStunts"
"1269","[deleted]"
"1270","u/murica_dream"
"1271","u/GoalAccomplished8955"
"1272","u/GameStunts"
"1273","[deleted]"
"1274","u/Capt-Clueless"
"1275","u/HarithBK"
"1276","u/GoalAccomplished8955"
"1277","u/zootofni"
"1278","u/iMini"
"1279","u/ih4t3reddit"
"1280","u/zublits"
"1281","u/zootofni"
"1282","u/Nesqu"
"1283","u/phylum_sinter"
"1284","u/Devildawq1"
"1285","[deleted]"
"1286","u/homer_3"
"1287","u/thodgson"
"1288","u/Anderrrrr"
"1289","u/Al-Azraq"
"1290","u/Ro3oster"
"1291","u/BillyBeeGone"
"1292","[deleted]"
"1293","u/JonWood007"
"1294","u/jayboogie15"
"1295","u/Soluxy"
"1296","u/Devildawq1"
"1297","u/Mazino-kun"
"1298","u/SD-777"
"1299","u/Anoscetia"
"1300","[deleted]"
"1301","u/HavelTheGreat"
"1302","u/nervousformyclasses"
"1303","u/skycake10"
"1304","u/SD-777"
"1305","u/McWormy"
"1306","[deleted]"
"1307","u/Alpha_pro2019"
"1308","u/Alpha_pro2019"
"1309","u/Fun-Strawberry4257"
"1310","u/Username928351"
"1311","u/RanaI_Ape"
"1312","u/BangEnergyFTW"
"1313","u/Crazy_Beat_36"
"1314","u/knukeh"
"1315","u/ZoixDark"
"1316","u/AFaultyUnit"
"1317","[deleted]"
"1318","u/Tallon_raider"
"1319","u/brazzjazz"
"1320","u/Darkone539"
"1321","u/NVD6432"
"1322","u/Mardershewrote"
"1323","u/SD-777"
"1324","u/RedKomrad"
"1325","u/dudebirdyy"
"1326","u/Darknast"
"1327","u/bak2skewl"
"1328","u/SD-777"
"1329","u/Mister_Cairo"
"1330","u/GoalAccomplished8955"
"1331","u/Jawaka99"
"1332","u/zootofni"
"1333","u/Juicepup"
"1334","u/xMWHOx"
"1335","u/BidUnlikely3546"
"1336","u/Professional-Lemon10"
"1337","[deleted]"
"1338","[deleted]"
"1339","u/zootofni"
"1340","u/HauntedHat"
"1341","u/BERLAUR"
"1342","u/LukaC99"
"1343","u/Kilbane"
"1344","u/neok182"
"1345","u/SocialJusticeAndroid"
"1346","u/zootofni"
"1347","u/ArmsForPeace84"
"1348","u/asyrin25"
"1349","u/jonydevidson"
"1350","u/Nuber13"
"1351","u/KickBassColonyDrop"
"1352","u/ApprehensiveTear373"
"1353","u/Placenta_Cake"
"1354","u/Gaff_Gafgarion"
"1355","u/Dante2005"
"1356","u/Chaos_Machine"
"1357","u/zublits"
"1358","u/Boxing_joshing111"
"1359","u/Dante2005"
"1360","[deleted]"
"1361","u/sadtimes12"
"1362","[deleted]"
"1363","u/Victoria3D"
"1364","u/julkujir"
"1365","u/Cryio"
"1366","u/Leeps"
"1367","[deleted]"
"1368","u/Cryio"
"1369","u/DazzlingRutabega"
"1370","u/Zankman"
"1371","u/CambriaKilgannonn"
"1372","u/durandpanda"
"1373","u/JonWood007"
"1374","u/DazzlingRutabega"
"1375","u/hotpants86"
"1376","u/wojtulace"
"1377","u/midnight_rebirth"
"1378","[deleted]"
"1379","u/GoalAccomplished8955"
"1380","u/dookarion"
"1381","u/dookarion"
"1382","u/dookarion"
"1383","u/UnluckyWizard"
"1384","u/dudemanguy301"
"1385","[deleted]"
"1386","u/dabocx"
"1387","u/ohbabyitsme7"
"1388","u/turkeysandwich4321"
"1389","u/acer34p3r"
"1390","[deleted]"
"1391","u/Juche_WRLD"
"1392","u/derkrieger"
"1393","[deleted]"
"1394","[deleted]"
"1395","u/acer34p3r"
"1396","u/Shap6"
"1397","u/demoncarcass"
"1398","u/steve09089"
"1399","u/chowder-san"
"1400","u/Gumba_Hasselhoff"
"1401","u/MonoShadow"
"1402","u/Odyssey1337"
"1403","u/ArmsForPeace84"
"1404","u/FaeQueenUwU"
"1405","u/Anoscetia"
"1406","u/halozy_"
"1407","u/defaultpronouns"
"1408","u/halozy_"
"1409","u/Specific_Event5325"
"1410","u/nekromantique"
"1411","u/Charuru"
"1412","u/steve09089"
"1413","u/dabocx"
"1414","u/fashric"
"1415","u/ThatPancreatitisGuy"
"1416","u/fashric"
"1417","u/Nesqu"
"1418","u/RedKomrad"
"1419","u/knukeh"
"1420","u/knukeh"
"1421","u/RedKomrad"
"1422","u/knukeh"
"1423","u/JonWood007"
"1424","u/Choplol"
"1425","u/SquisherX"
"1426","u/flatlandskid94"
"1427","u/FallenAdvocate"
"1428","u/TheBirdOfFire"
"1429","u/zootofni"
"1430","u/tkim91321"
"1431","u/high1186"
"1432","u/bassbeater"
"1433","u/GoalAccomplished8955"
"1434","u/VagrantShadow"
"1435","u/BERLAUR"
"1436","u/DistractedSeriv"
"1437","u/H0vis"
"1438","u/H0vis"
"1439","u/Mission-Property-498"
"1440","u/Prince_Uncharming"
"1441","u/Endemoniada"
"1442","u/CyberbrainGaming"
"1443","u/SvijetOkoNas"
"1444","u/StMarsz"
"1445","[deleted]"
"1446","u/FrustratedLogician"
"1447","u/howlinghobo"
"1448","[deleted]"
"1449","u/Melody-Prisca"
"1450","u/GameStunts"
"1451","u/GameStunts"
"1452","u/Azuregore"
"1453","u/ubiquitous_apathy"
"1454","u/High_Taco_Guy"
"1455","u/GoalAccomplished8955"
"1456","[deleted]"
"1457","u/theBlackDragon"
"1458","u/iMini"
"1459","u/zerkeron"
"1460","u/Nesqu"
"1461","u/ademayor"
"1462","u/Nesqu"
"1463","u/Nesqu"
"1464","u/Jimusmc"
"1465","[deleted]"
"1466","u/theBlackDragon"
"1467","u/BillyBeeGone"
"1468","u/Guysmiley777"
"1469","u/JonWood007"
"1470","u/JonWood007"
"1471","u/SD-777"
"1472","u/McWormy"
"1473","u/ZoixDark"
"1474","u/Darkone539"
"1475","u/zublits"
"1476","u/BidUnlikely3546"
"1477","[deleted]"
"1478","u/Financial-Appeal-646"
"1479","u/HauntedHat"
"1480","u/ArmsForPeace84"
"1481","u/Nuber13"
"1482","u/ApprehensiveTear373"
"1483","u/Touchy___Tim"
"1484","u/zublits"
"1485","u/sztormwariat"
"1486","u/CambriaKilgannonn"
"1487","[deleted]"
"1488","u/asyrin25"
"1489","u/PlagueisIsVegas"
"1490","[deleted]"
"1491","u/Moth92"
"1492","u/Juche_WRLD"
"1493","[deleted]"
"1494","u/toofine"
"1495","u/MonoShadow"
"1496","u/cadaada"
"1497","u/ArmsForPeace84"
"1498","u/JonWood007"
"1499","u/GamerPVM"
"1500","u/bassbeater"
"1501","u/VagrantShadow"
"1502","u/Mission-Property-498"
"1503","[deleted]"
"1504","u/Melody-Prisca"
"1505","u/Nesqu"
"1506","u/Nesqu"
"1507","u/theBlackDragon"
"1508","u/JonWood007"
"1509","u/JonWood007"
"1510","u/CasperWhitey"
"1511","u/ApprehensiveTear373"
"1512","u/asyrin25"
"1513","u/Mission-Property-498"
"1514","u/ApprehensiveTear373"
"1515","u/DJ_Marxman"
"1516","u/sleepy_the_fish"
"1517","u/SSABM"
"1518","u/hilltopper06"
"1519","u/keyboredYT"
"1520","u/HermitCracc"
"1521","u/MajTryhard505"
"1522","u/starkistuna"
"1523","u/buttsu556"
"1524","u/lickdapoopoo"
"1525","u/tageeboy"
"1526","u/Trz81"
"1527","u/max5575"
"1528","u/Fast_Profession_6637"
"1529","u/pitnat06"
"1530","[deleted]"
"1531","u/sparda4glol"
"1532","u/OutcomeEvening9979"
"1533","u/CosmicShuttlecock"
"1534","u/grahamulax"
"1535","u/Sexyvette07"
"1536","u/AmbiguousAlignment"
"1537","u/Melodic-Matter4685"
"1538","u/eddie2hands99911"
"1539","u/PrairieNihilist"
"1540","u/Liatin11"
"1541","u/cycease"
"1542","[deleted]"
"1543","u/AndrexPic"
"1544","u/Scretzy"
"1545","u/Natural_Advance3879"
"1546","u/DankDastardly"
"1547","u/Kyuojin"
"1548","u/3AD_EhSeaPee"
"1549","[deleted]"
"1550","u/HusxZ"
"1551","u/AnAmbitiousMann"
"1552","u/Turquoise__Dragon"
"1553","u/Betraid25"
"1554","u/Puzzleheaded-Art7406"
"1555","u/danger_davis"
"1556","u/Dumbass-Redditor"
"1557","u/Mysterious-Tough-964"
"1558","[deleted]"
"1559","u/Kingdude343"
"1560","u/Vis-hoka"
"1561","u/BabuDabu786"
"1562","u/Ok-Improvement-726"
"1563","u/FullHouse222"
"1564","u/Itsoktobemesometimes"
"1565","u/nimkeenator"
"1566","u/Z0idberg_MD"
"1567","u/obj_Obj"
"1568","u/kikirevi"
"1569","u/Parrelium"
"1570","u/rayo2010"
"1571","[deleted]"
"1572","u/Famous-Eggplant8451"
"1573","u/drmonkey6969"
"1574","u/SupaHotFlame"
"1575","u/JustADesignerDogToy"
"1576","u/Candid_Hippo3619"
"1577","u/prOboomer"
"1578","u/Consistent-Song-5339"
"1579","u/AirProfessional"
"1580","u/mixedd"
"1581","u/d4rkfibr"
"1582","u/iamnotnima"
"1583","u/Purple_Form_8093"
"1584","u/TheMightyRed92"
"1585","u/3_14_thon"
"1586","u/Bigolejohnson69420"
"1587","u/Aggressive-Gold1341"
"1588","u/akluin"
"1589","[deleted]"
"1590","u/FloMD"
"1591","[deleted]"
"1592","u/AtvnSBisnotHT"
"1593","u/Big-Construction-938"
"1594","u/Vietwulf"
"1595","u/bwillpaw"
"1596","u/mekansm89"
"1597","u/MotionTwelveBeeSix"
"1598","u/Jako998"
"1599","u/Logical-Ad2267"
"1600","u/Medium_Wealth_4981"
"1601","u/Key-Tie2214"
"1602","u/Evgenii42"
"1603","u/wickednature666"
"1604","u/ddsoyka"
"1605","u/CT9195"
"1606","u/Mad_Drialan1604"
"1607","u/---fatal---"
"1608","u/Worldly_Pound_7625"
"1609","u/HolyAndOblivious"
"1610","u/TopOrdinary1766"
"1611","u/JinterIsComing"
"1612","u/Plus-Statistician320"
"1613","u/Ismaelum"
"1614","u/shadowwalker303"
"1615","u/bitesized314"
"1616","u/Diligent_Pie_5191"
"1617","u/Worldly_Pound_7625"
"1618","u/iamapizza"
"1619","u/kingkobalt"
"1620","u/dduncan55330"
"1621","u/Alien_Cha1r"
"1622","u/kakokapolei"
"1623","u/Booonishment"
"1624","u/Dakkadence"
"1625","u/Worldly_Pound_7625"
"1626","u/paulerxx"
"1627","u/BrainSweetiesss"
"1628","u/Diligent_Pie_5191"
"1629","u/Worldly_Pound_7625"
"1630","u/Worldly_Pound_7625"
"1631","u/tonallyawkword"
"1632","u/spunchboy"
"1633","u/Worldly_Pound_7625"
"1634","u/paulerxx"
"1635","u/Worldly_Pound_7625"
"1636","u/Worldly_Pound_7625"
"1637","u/Worldly_Pound_7625"
"1638","u/Worldly_Pound_7625"
"1639","u/Worldly_Pound_7625"
"1640","u/Worldly_Pound_7625"
"1641","u/Worldly_Pound_7625"
"1642","u/Worldly_Pound_7625"
"1643","u/Big-Construction-938"
"1644","u/Worldly_Pound_7625"
"1645","u/essdii-"
"1646","u/Robochemist1234"
"1647","u/SherifGames"
"1648","u/DJ_Marxman"
"1649","u/liaminwales"
"1650","u/femboy_was_taken"
"1651","u/DJ_Marxman"
"1652","u/ItsMrDante"
"1653","u/Mygaffer"
"1654","u/mrRobertman"
"1655","u/FrozenMongoose"
"1656","u/ItsSevii"
"1657","u/Doomblaze"
"1658","u/Worldly_Pound_7625"
"1659","u/lRadioKillerl"
"1660","u/g0d15anath315t"
"1661","u/cresvolt"
"1662","u/DJ_Marxman"
"1663","u/Satan_Prometheus"
"1664","u/Robochemist1234"
"1665","u/Diligent_Pie_5191"
"1666","u/garoo1"
"1667","u/bitesized314"
"1668","u/Plus-Statistician320"
"1669","[deleted]"
"1670","u/danger_davis"
"1671","u/hilltopper06"
"1672","u/iamapizza"
"1673","u/nzifnab"
"1674","u/Worldly_Pound_7625"
"1675","u/technoskittles"
"1676","u/Worldly_Pound_7625"
"1677","u/starkistuna"
"1678","u/Worldly_Pound_7625"
"1679","u/LewisBavin"
"1680","u/paulerxx"
"1681","u/Trox92"
"1682","u/sparda4glol"
"1683","u/OutcomeEvening9979"
"1684","u/horse3000"
"1685","u/WBA3-1LEAD"
"1686","u/Worldly_Pound_7625"
"1687","u/3_14_thon"
"1688","u/Ironman__BTW"
"1689","u/Worldly_Pound_7625"
"1690","[deleted]"
"1691","u/AtvnSBisnotHT"
"1692","u/Evgenii42"
"1693","u/reeefur"
"1694","u/prOboomer"
"1695","u/cycease"
"1696","u/Robochemist1234"
"1697","u/---fatal---"
"1698","u/Low-Arrival-4184"
"1699","u/throwawayzdrewyey"
"1700","u/Worldly_Pound_7625"
"1701","u/Worldly_Pound_7625"
"1702","u/Worldly_Pound_7625"
"1703","u/Worldly_Pound_7625"
"1704","u/SSABM"
"1705","u/Worldly_Pound_7625"
"1706","u/Worldly_Pound_7625"
"1707","u/Worldly_Pound_7625"
"1708","u/Hollowpoint38"
"1709","u/tonallyawkword"
"1710","u/HolyAndOblivious"
"1711","u/cg201"
"1712","u/braveLittleFappster"
"1713","u/TaeKwanJo"
"1714","u/Brethyr2"
"1715","u/shadowwalker303"
"1716","u/Worldly_Pound_7625"
"1717","u/zublits"
"1718","u/Diligent_Pie_5191"
"1719","u/Journeydriven"
"1720","u/keyboredYT"
"1721","u/imtougherthanyou"
"1722","u/DrGiggleFr1tz"
"1723","u/kakokapolei"
"1724","[deleted]"
"1725","u/k1rage"
"1726","u/iamnotnima"
"1727","u/Worldly_Pound_7625"
"1728","u/Worldly_Pound_7625"
"1729","u/Worldly_Pound_7625"
"1730","u/Worldly_Pound_7625"
"1731","u/essdii-"
"1732","u/optimal_909"
"1733","u/Ok-Bother-5789"
"1734","u/rozzberg"
"1735","u/essdii-"
"1736","u/DJ_Marxman"
"1737","[deleted]"
"1738","u/Ineedhelpandsupp0rt"
"1739","u/Worldly_Pound_7625"
"1740","u/scylk2"
"1741","u/Worldly_Pound_7625"
"1742","u/sleepy_the_fish"
"1743","u/InBlurFather"
"1744","u/DJ_Marxman"
"1745","u/Suspicious_Maybe2045"
"1746","u/Worldly_Pound_7625"
"1747","u/Suspicious_Maybe2045"
"1748","u/WorstedKorbius"
"1749","u/FrozenMongoose"
"1750","u/Honey_Bunches"
"1751","[deleted]"
"1752","u/ConfusionElemental"
"1753","u/Satan_Prometheus"
"1754","u/grump66"
"1755","u/garoo1"
"1756","u/Worldly_Pound_7625"
"1757","u/Umojan"
"1758","u/YukiSnoww"
"1759","u/hilltopper06"
"1760","u/jdatopo814"
"1761","u/nzifnab"
"1762","u/Bowserbob1979"
"1763","u/Worldly_Pound_7625"
"1764","u/Worldly_Pound_7625"
"1765","u/LewisBavin"
"1766","u/Worldly_Pound_7625"
"1767","u/TaysonJodd"
"1768","u/Worldly_Pound_7625"
"1769","u/Worldly_Pound_7625"
"1770","u/Worldly_Pound_7625"
"1771","u/Ironman__BTW"
"1772","u/AtvnSBisnotHT"
"1773","u/reeefur"
"1774","u/Robochemist1234"
"1775","u/Purple_Form_8093"
"1776","u/auditionko"
"1777","u/Playful_Weekend4204"
"1778","u/---fatal---"
"1779","[deleted]"
"1780","u/Low-Arrival-4184"
"1781","u/Worldly_Pound_7625"
"1782","u/throwawayzdrewyey"
"1783","u/NoDescription8016"
"1784","u/throwawayzdrewyey"
"1785","u/SSABM"
"1786","u/Worldly_Pound_7625"
"1787","u/sleepy_the_fish"
"1788","u/Worldly_Pound_7625"
"1789","u/Worldly_Pound_7625"
"1790","u/Worldly_Pound_7625"
"1791","u/RChamy"
"1792","u/scylk2"
"1793","u/Worldly_Pound_7625"
"1794","u/Worldly_Pound_7625"
"1795","u/Hollowpoint38"
"1796","u/sL1NK_19"
"1797","u/HolyAndOblivious"
"1798","u/Hopperbus"
"1799","[deleted]"
"1800","u/Recyclops1989"
"1801","u/S1imSkit"
"1802","u/RChamy"
"1803","u/Worldly_Pound_7625"
"1804","u/I_say_aye"
"1805","u/FrozenMongoose"
"1806","u/Diligent_Pie_5191"
"1807","u/Worldly_Pound_7625"
"1808","u/keyboredYT"
"1809","u/Worldly_Pound_7625"
"1810","u/imtougherthanyou"
"1811","u/Worldly_Pound_7625"
"1812","u/obj_Obj"
"1813","u/iamnotnima"
"1814","u/Worldly_Pound_7625"
"1815","u/Worldly_Pound_7625"
"1816","u/bruhtherG"
"1817","u/Robochemist1234"
"1818","u/itsfortybelow"
"1819","[deleted]"
"1820","u/Worldly_Pound_7625"
"1821","u/scylk2"
"1822","u/scylk2"
"1823","u/Worldly_Pound_7625"
"1824","u/Worldly_Pound_7625"
"1825","u/Worldly_Pound_7625"
"1826","u/InBlurFather"
"1827","u/Beastly-one"
"1828","u/scylk2"
"1829","u/Worldly_Pound_7625"
"1830","u/Suspicious_Maybe2045"
"1831","[deleted]"
"1832","u/hilltopper06"
"1833","u/Worldly_Pound_7625"
"1834","u/jdatopo814"
"1835","u/Worldly_Pound_7625"
"1836","u/keyboredYT"
"1837","u/Worldly_Pound_7625"
"1838","u/Worldly_Pound_7625"
"1839","u/tonallyawkword"
"1840","u/Worldly_Pound_7625"
"1841","[deleted]"
"1842","u/---fatal---"
"1843","u/probablyntjamie"
"1844","u/scylk2"
"1845","u/Low-Arrival-4184"
"1846","u/imtougherthanyou"
"1847","u/Worldly_Pound_7625"
"1848","u/throwawayzdrewyey"
"1849","u/Worldly_Pound_7625"
"1850","u/Eanth"
"1851","u/Worldly_Pound_7625"
"1852","u/Worldly_Pound_7625"
"1853","u/Hollowpoint38"
"1854","u/jdatopo814"
"1855","u/keyboredYT"
"1856","u/Worldly_Pound_7625"
"1857","u/tomster2300"
"1858","u/imtougherthanyou"
"1859","u/Deinorius"
"1860","u/inyue"
"1861","u/Worldly_Pound_7625"
"1862","u/ConfusionElemental"
"1863","u/Worldly_Pound_7625"
"1864","u/Worldly_Pound_7625"
"1865","u/ZeWolfy"
"1866","u/OkPomegranate4449"
"1867","u/Worldly_Pound_7625"
"1868","u/OakFern"
"1869","u/Worldly_Pound_7625"
"1870","u/Worldly_Pound_7625"
"1871","u/Worldly_Pound_7625"
"1872","u/nzifnab"
"1873","u/Worldly_Pound_7625"
"1874","u/keyboredYT"
"1875","u/SimpleNovelty"
"1876","u/Low-Arrival-4184"
"1877","u/k1rage"
"1878","u/HermitCracc"
"1879","u/Worldly_Pound_7625"
"1880","u/Worldly_Pound_7625"
"1881","u/throwawayzdrewyey"
"1882","u/Worldly_Pound_7625"
"1883","u/Worldly_Pound_7625"
"1884","u/Worldly_Pound_7625"
"1885","u/keyboredYT"
"1886","u/Worldly_Pound_7625"
"1887","u/tomster2300"
"1888","u/Worldly_Pound_7625"
"1889","u/Worldly_Pound_7625"
"1890","u/SalamalaS"
"1891","u/CarinXO"
"1892","u/ZeWolfy"
"1893","u/Ironman__BTW"
"1894","u/Worldly_Pound_7625"
"1895","u/Worldly_Pound_7625"
"1896","u/Worldly_Pound_7625"
"1897","u/keyboredYT"
"1898","u/Worldly_Pound_7625"
"1899","u/Worldly_Pound_7625"
"1900","u/scylk2"
"1901","u/Worldly_Pound_7625"
"1902","u/keyboredYT"
"1903","u/Worldly_Pound_7625"
"1904","u/Low-Arrival-4184"
"1905","u/Worldly_Pound_7625"
"1906","u/Worldly_Pound_7625"
"1907","u/Worldly_Pound_7625"
"1908","u/keyboredYT"
"1909","u/Worldly_Pound_7625"
"1910","u/Ironman__BTW"
"1911","u/keyboredYT"
"1912","u/HermitCracc"
"1913","u/Worldly_Pound_7625"
"1914","u/Low-Arrival-4184"
"1915","u/Independent-Ad2615"
"1916","u/MichealShelton"
"1917","u/Worldly_Pound_7625"
"1918","u/TurdFrgoson"
"1919","u/Low-Arrival-4184"
"1920","u/9okm"
"1921","u/Cryostatica"
"1922","[deleted]"
"1923","u/DJ_Marxman"
"1924","u/Zarerion"
"1925","u/nullusx"
"1926","u/Narrheim"
"1927","u/DingWrong"
"1928","u/EloquentBorb"
"1929","u/Amazingawesomator"
"1930","u/theelectricmayor"
"1931","u/nroloa"
"1932","u/psimwork"
"1933","u/SeptimusAstrum"
"1934","u/SeptimusAstrum"
"1935","u/9okm"
"1936","u/SeptimusAstrum"
"1937","u/SeptimusAstrum"
"1938","u/SeptimusAstrum"
"1939","u/SeptimusAstrum"
"1940","u/SeptimusAstrum"
"1941","u/SeptimusAstrum"
"1942","u/9okm"
"1943","u/Bluedot55"
"1944","u/Pineappl3z"
"1945","u/Sevinki"
"1946","u/No-Actuator-6245"
"1947","u/nroloa"
"1948","[deleted]"
"1949","u/9okm"
"1950","u/nullusx"
"1951","u/DingWrong"
"1952","u/EloquentBorb"
"1953","u/theelectricmayor"
"1954","u/markmorto"
"1955","u/SeptimusAstrum"
"1956","u/SeptimusAstrum"
"1957","u/SeptimusAstrum"
"1958","u/SeptimusAstrum"
"1959","u/SeptimusAstrum"
"1960","u/Pineappl3z"
"1961","u/Sn4rkPl4y3r"
"1962","u/9okm"
"1963","u/nullusx"
"1964","u/9okm"
"1965","u/EloquentBorb"
"1966","u/SeptimusAstrum"
"1967","u/Sea-Quarter4350"
"1968","u/SeptimusAstrum"
"1969","u/Sea-Quarter4350"
"1970","u/Onekill"
"1971","[deleted]"
"1972","u/EnolaGayFallout"
"1973","u/Slyons89"
"1974","u/owari69"
"1975","[deleted]"
"1976","u/SteakLover69"
"1977","u/boomstickah"
"1978","u/wozniattack"
"1979","u/SireEvalish"
"1980","u/Mordimer86"
"1981","u/Phobic-window"
"1982","u/mustfix"
"1983","u/KDG_unknown"
"1984","u/dewky"
"1985","u/OwlProper1145"
"1986","u/bubblesort33"
"1987","u/I3ULLETSTORM1"
"1988","u/dantemp"
"1989","u/Scrimps"
"1990","u/skaels"
"1991","u/Fisher9001"
"1992","[deleted]"
"1993","u/HippoLover85"
"1994","u/drajadrinker"
"1995","u/chomwitt"
"1996","[deleted]"
"1997","u/werther595"
"1998","u/Jonny_H"
"1999","u/TrantaLocked"
"2000","u/Lisaismyfav"
"2001","u/Academic-Two-3781"
"2002","u/riinkratt"
"2003","u/Kougar"
"2004","u/Sadir00"
"2005","u/easysjwsniper"
"2006","u/LegDayDE"
"2007","u/Korleone"
"2008","u/WastedWhtieBoii"
"2009","u/OP1KenOP"
"2010","u/JonWood007"
"2011","[deleted]"
"2012","u/stacksmasher"
"2013","u/nineball22"
"2014","u/Gawdsauce"
"2015","u/Ordinary_Sand6045"
"2016","u/Honest-Word-7890"
"2017","u/Bifrostbytes"
"2018","[deleted]"
"2019","u/EntertainmentNo2044"
"2020","u/Aniso3d"
"2021","u/Masspoint"
"2022","u/Trainmaster12467"
"2023","u/awayish"
"2024","u/Overclocked11"
"2025","u/werther595"
"2026","u/hey_you_too_buckaroo"
"2027","u/TameRacingDriverUK"
"2028","[deleted]"
"2029","u/theReplayNinja"
"2030","u/Rakunish"
"2031","u/omega4444"
"2032","u/Mack30000"
"2033","u/StrawberryUnique7162"
"2034","u/zootofni"
"2035","u/Robalboa"
"2036","u/BeeeRyaAnnn"
"2037","u/ASEdouard"
"2038","u/alxwx"
"2039","u/--Talleyrand--"
"2040","u/ImSpartacus811"
"2041","u/Hendeith"
"2042","u/dantemp"
"2043","u/BFBooger"
"2044","u/warhead71"
"2045","u/-Runis-"
"2046","u/criscothediscoman"
"2047","u/TheHaywireMachine"
"2048","u/DieDungeon"
"2049","u/NegaDeath"
"2050","u/ramblinginternetnerd"
"2051","u/salgat"
"2052","u/blackjazz666"
"2053","u/NoddysShardblade"
"2054","u/JonWood007"
"2055","u/MinimumFun1301"
"2056","u/Elon_Kums"
"2057","u/streamlinkguy"
"2058","u/detectiveDollar"
"2059","u/SXOSXO"
"2060","u/winterfnxs"
"2061","u/dantemp"
"2062","u/Ordinary_Sand6045"
"2063","u/Substance___P"
"2064","u/blackjazz666"
"2065","u/lt_dan_zsu"
"2066","u/NoddysShardblade"
"2067","u/meh1434"
"2068","u/detectiveDollar"
"2069","u/MaraudersWereFramed"
"2070","u/dwew3"
"2071","u/MumrikDK"
"2072","u/Khaki79199"
"2073","[deleted]"
"2074","u/Ris-O"
"2075","u/detectiveDollar"
"2076","u/Derpface123"
"2077","u/JonWood007"
"2078","u/JonWood007"
"2079","u/_0h_no_not_again_"
"2080","u/--Talleyrand--"
"2081","u/detectiveDollar"
"2082","u/detectiveDollar"
"2083","u/detectiveDollar"
"2084","u/cycle_you_lazy_shit"
"2085","u/detectiveDollar"
"2086","u/chomwitt"
"2087","u/First_Grapefruit_265"
"2088","u/Kougar"
"2089","u/detectiveDollar"
"2090","u/JonWood007"
"2091","[deleted]"
"2092","u/FoundationOpening513"
"2093","u/LeadIll3673"
"2094","u/BeeeRyaAnnn"
"2095","u/notavalidsource"
"2096","u/chmilz"
"2097","u/GreenTeaRex007"
"2098","u/ShyvHD"
"2099","[deleted]"
"2100","u/Vitosi4ek"
"2101","u/Bwleon7"
"2102","u/Dryandrough"
"2103","u/stephprog"
"2104","u/AncientRaven33"
"2105","u/Gravitationsfeld"
"2106","u/Liatin11"
"2107","u/PetrafiedMonkey"
"2108","u/Skynet-supporter"
"2109","u/introvertedhedgehog"
"2110","[deleted]"
"2111","u/detectiveDollar"
"2112","u/9manacombo"
"2113","[deleted]"
"2114","[deleted]"
"2115","u/SmokingPuffin"
"2116","u/Techmoji"
"2117","u/INTHEMIDSTOFLIONS"
"2118","u/blaaarg123"
"2119","u/wizfactor"
"2120","u/makememoist"
"2121","u/EarPenetrator02"
"2122","u/owari69"
"2123","u/KingArthas94"
"2124","u/zyck_titan"
"2125","u/detectiveDollar"
"2126","u/decidedlysticky23"
"2127","u/meh1434"
"2128","u/decidedlysticky23"
"2129","u/996forever"
"2130","u/MumrikDK"
"2131","[deleted]"
"2132","u/cp5184"
"2133","u/JonWood007"
"2134","u/Fisher9001"
"2135","u/m0rogfar"
"2136","u/detectiveDollar"
"2137","u/willis936"
"2138","u/m0rogfar"
"2139","u/wizfactor"
"2140","u/SmokingPuffin"
"2141","u/HippoLover85"
"2142","u/drajadrinker"
"2143","u/R1Type"
"2144","u/Buttcrush01"
"2145","[deleted]"
"2146","u/Tshoe77"
"2147","u/Calm-Zombie2678"
"2148","u/iopq"
"2149","u/mizino"
"2150","u/_Mouse"
"2151","u/alxwx"
"2152","u/tablepennywad"
"2153","u/--Talleyrand--"
"2154","u/veyd"
"2155","u/iopq"
"2156","u/stephprog"
"2157","u/mizino"
"2158","u/SmokingPuffin"
"2159","u/executordestroyer"
"2160","u/FartingBob"
"2161","u/rood_sandstorm"
"2162","u/COMPUTER1313"
"2163","u/Rewpl"
"2164","u/carpcrucible"
"2165","u/BlazinAzn38"
"2166","u/red286"
"2167","u/salgat"
"2168","u/Morningst4r"
"2169","u/salgat"
"2170","u/blackjazz666"
"2171","u/SmokingPuffin"
"2172","u/Yoconn"
"2173","u/Elon_Kums"
"2174","u/beeff"
"2175","u/NewRedditIsVeryUgly"
"2176","u/Ris-O"
"2177","u/Blaz3"
"2178","u/TSP-FriendlyFire"
"2179","u/detectiveDollar"
"2180","u/braiam"
"2181","u/SmokingPuffin"
"2182","u/PastaSaladTosser"
"2183","u/Ris-O"
"2184","u/Derpface123"
"2185","u/JonWood007"
"2186","u/JonWood007"
"2187","u/JonWood007"
"2188","u/_0h_no_not_again_"
"2189","u/BeeeRyaAnnn"
"2190","u/--Talleyrand--"
"2191","u/Kougar"
"2192","u/Merdiso"
"2193","u/JonWood007"
"2194","u/marcopennekamp"
"2195","[deleted]"
"2196","u/Zayl"
"2197","u/mizino"
"2198","u/BigAwkwardGuy"
"2199","u/ShyvHD"
"2200","u/BookPlacementProblem"
"2201","u/TheBirdOfFire"
"2202","u/stephprog"
"2203","u/Vitosi4ek"
"2204","u/AncientRaven33"
"2205","u/detectiveDollar"
"2206","[deleted]"
"2207","u/detectiveDollar"
"2208","u/detectiveDollar"
"2209","u/Torotorotoro"
"2210","u/9manacombo"
"2211","u/SmokingPuffin"
"2212","u/chpoutgnouf"
"2213","u/carpcrucible"
"2214","u/A_Crow_in_Moonlight"
"2215","u/Techmoji"
"2216","u/imaginary_num6er"
"2217","u/Shakzor"
"2218","u/blaaarg123"
"2219","u/curiously_clueless"
"2220","u/minepose98"
"2221","u/KingArthas94"
"2222","u/carpcrucible"
"2223","u/ChartaBona"
"2224","u/dopeman311"
"2225","u/zyck_titan"
"2226","u/TheBCWonder"
"2227","u/Ants_r_us"
"2228","u/Fisher9001"
"2229","u/detectiveDollar"
"2230","u/willis936"
"2231","u/Buttcrush01"
"2232","u/PicnicBasketPirate"
"2233","u/Morningst4r"
"2234","[deleted]"
"2235","u/Tshoe77"
"2236","u/Tshoe77"
"2237","u/Calm-Zombie2678"
"2238","u/iopq"
"2239","u/mizino"
"2240","u/_Mouse"
"2241","u/einmaldrin_alleshin"
"2242","u/Vitosi4ek"
"2243","u/SmokingPuffin"
"2244","u/executordestroyer"
"2245","u/GoatsEyes"
"2246","u/Cheeze_It"
"2247","u/SG1JackOneill"
"2248","u/meh1434"
"2249","u/Morningst4r"
"2250","u/Im12AndWatIsThis"
"2251","u/einmaldrin_alleshin"
"2252","u/capn_hector"
"2253","u/blackjazz666"
"2254","u/GabrielP2r"
"2255","u/detectiveDollar"
"2256","u/Lower_Fan"
"2257","u/Vitosi4ek"
"2258","u/Ris-O"
"2259","u/Zevemty"
"2260","u/SammyLickMeSoftly"
"2261","u/SagittaryX"
"2262","[deleted]"
"2263","u/Ris-O"
"2264","u/Ris-O"
"2265","u/Ryanchri"
"2266","u/major_mager"
"2267","u/detectiveDollar"
"2268","u/Derpface123"
"2269","u/JonWood007"
"2270","u/JonWood007"
"2271","u/Morningst4r"
"2272","u/JonWood007"
"2273","u/dark_bits"
"2274","u/wolfpwner9"
"2275","u/iopq"
"2276","u/ARMCHA1RGENERAL"
"2277","[deleted]"
"2278","u/BookPlacementProblem"
"2279","u/BigAwkwardGuy"
"2280","[deleted]"
"2281","u/bondjavel"
"2282","u/stephprog"
"2283","[deleted]"
"2284","u/capn_hector"
"2285","u/detectiveDollar"
"2286","u/9manacombo"
"2287","u/SerALONNEZ"
"2288","u/chpoutgnouf"
"2289","u/Ris-O"
"2290","u/Blaz3"
"2291","u/curiously_clueless"
"2292","[deleted]"
"2293","u/KEVLAR60442"
"2294","[deleted]"
"2295","u/TopdeckIsSkill"
"2296","[deleted]"
"2297","u/doneandtired2014"
"2298","u/sw0rd_2020"
"2299","u/Executor_115"
"2300","u/ChartaBona"
"2301","u/detectiveDollar"
"2302","u/willis936"
"2303","[deleted]"
"2304","u/noxx1234567"
"2305","u/GatoNanashi"
"2306","u/beenoc"
"2307","u/mizino"
"2308","u/imoblivioustothis"
"2309","u/Bifrostbytes"
"2310","u/Tshoe77"
"2311","u/eurochic-throw12"
"2312","u/YoshiSan90"
"2313","u/-Sir-Bruno-"
"2314","u/Tshoe77"
"2315","u/Nihilistic_Mystics"
"2316","u/Shkro"
"2317","u/BookPlacementProblem"
"2318","u/iopq"
"2319","u/mizino"
"2320","u/mizino"
"2321","u/Cheeze_It"
"2322","u/Cheeze_It"
"2323","u/Vitosi4ek"
"2324","u/Zevemty"
"2325","u/ConciselyVerbose"
"2326","u/UnwashedArmpitLicker"
"2327","[deleted]"
"2328","[deleted]"
"2329","u/Ryanchri"
"2330","u/JonWood007"
"2331","u/JonWood007"
"2332","u/KiraUsagi"
"2333","u/imoblivioustothis"
"2334","u/proscreations1993"
"2335","u/Blacky-Noir"
"2336","u/ragingtwerkaholic"
"2337","u/TheSeeker80"
"2338","u/IntraspeciesJug"
"2339","u/bigchi1234"
"2340","u/BookPlacementProblem"
"2341","u/BigAwkwardGuy"
"2342","[deleted]"
"2343","u/Scurro"
"2344","u/Ris-O"
"2345","u/curiously_clueless"
"2346","u/KingArthas94"
"2347","u/TopdeckIsSkill"
"2348","u/Notsosobercpa"
"2349","u/doneandtired2014"
"2350","u/willis936"
"2351","[deleted]"
"2352","u/Nihilistic_Mystics"
"2353","u/iopq"
"2354","u/mizino"
"2355","u/mizino"
"2356","u/Zevemty"
"2357","u/UnwashedArmpitLicker"
"2358","u/detectiveDollar"
"2359","u/JonWood007"
"2360","u/JonWood007"
"2361","u/bigchi1234"
"2362","u/BookPlacementProblem"
"2363","u/executordestroyer"
"2364","u/KingArthas94"
"2365","u/iopq"
"2366","[deleted]"
"2367","u/BookPlacementProblem"
"2368","u/KingArthas94"
"2369","u/iopq"
"2370","u/BookPlacementProblem"
"2371","u/iopq"
